CREATE DATABASE IF NOT EXISTS nordic_motorhome;
USE nordic_motorhome;
CREATE TABLE customers (
                           customer_id INT NOT NULL AUTO_INCREMENT PRIMARY KEY,
                           first_name VARCHAR(255) NOT NULL,
                           last_name VARCHAR(255) NOT NULL,
                           phone_number INT NOT NULL,
                           license_number VARCHAR(255) NOT NULL,
                           c_license VARCHAR(255) NOT NULL,
                           date_of_birth date NOT NULL
);

INSERT INTO customers (customer_id, first_name, last_name, phone_number, license_number, c_license, date_of_birth)
VALUES
    (1,'Townie','Scala',30278725,'pzfyn71967mrwv098','No','1963-04-16'),
    (2,'Moises','Cornick',72398206,'mzfmo00035nfbv285','Yes','1980-09-10'),
    (3,'Berna','Helliwell',55812648,'kchgg49616dvva021','No','2003-03-21'),
    (4,'Rubie','Call',78388534,'vvdny14730vfhe864','No','1980-08-07'),
    (5,'Milt','MacPaden',57251542,'yuqyn79399lgwr013','Yes','1972-06-19'),
    (6,'Kristel','Bold',75451124,'lgqes79640elet905','Yes','1984-01-17'),
    (7,'Ferris','Pavek',6190333,'utspv90302ujyg458','No','1976-01-09'),
    (8,'Gerianne','Savile',83804916,'manwd03888lpak808','Yes','1961-03-06'),
    (9,'Welch','Delyth',39078805,'jeymv61478fqjf175','No','1971-08-05'),
    (10,'Daryn','Willmer',74755048,'ifnsr47337vpdy714','Yes','2004-03-08'),
    (11,'Annabela','Mersey',82495900,'iawja99698dfef084','Yes','1986-06-30'),
    (12,'Lyndsay','Chalmers',56680969,'ajixi58896tjoa106','No','1993-01-22'),
    (13,'Mortie','Didsbury',27785548,'xpvns89956mrxr223','No','1974-05-11'),
    (14,'Bryant','Tomaszek',23114863,'erhxr44841lqxm343','No','1995-03-29'),
    (15,'Lemuel','Ernke',92894367,'qhvxf90791lypq358','Yes','1970-02-06'),
    (16,'Nara','Chamberlen',83771372,'vgvjj26556zasm991','No','1996-09-29'),
    (17,'Kynthia','Bethell',2382894,'pfygp99143pmdv724','No','1963-02-14'),
    (18,'Dru','Norway',68581042,'eiqgs55505tnzs510','Yes','1985-11-29'),
    (19,'Vidovik','Lillyman',70569326,'uvxlf89634sjel933','No','1964-11-09'),
    (20,'Rooney','Rosekilly',89634863,'mclhn36958kvrr625','Yes','1978-09-28'),
    (21,'Mame','Villa',37038598,'bnvhm46733ccxz649','Yes','1996-11-23'),
    (22,'Tobi','Sherwin',33311718,'bxaca38628nrnu365','No','1988-04-29'),
    (23,'Cornela','Meatyard',39595930,'szjnf97926tlre110','No','1971-08-09'),
    (24,'Billie','Cantera',79019733,'zhucj91212sibe676','No','1971-04-16'),
    (25,'Lorianne','Hully',34399736,'kruoo82327twoc732','Yes','1975-11-21'),
    (26,'Loni','Canape',18874188,'cpusn76127xdpl246','No','1991-01-24'),
    (27,'Lauraine','Childs',7374843,'vrrxs48854lzti779','No','1996-09-21'),
    (28,'Mirabelle','Dineges',78902185,'ggvdj49238jfri032','Yes','2003-01-09'),
    (29,'Dyane','Sleite',49246332,'kantw31525kgxm117','Yes','1985-08-04'),
    (30,'Meredithe','Gumme',87872329,'ghuel15952lksd696','Yes','1996-03-11'),
    (31,'Carolyne','Itzchaki',251199,'tuudk34267gmix317','Yes','1996-07-20'),
    (32,'Gigi','Ondrich',8507519,'cvyxn33607lfof066','Yes','1990-03-02'),
    (33,'Hiram','Brun',16640386,'xgqyg06492lytp930','Yes','1964-06-20'),
    (34,'Lauryn','Hemphrey',80740723,'wynin30945xywk652','No','2003-02-20'),
    (35,'Ronnie','Caldroni',65023735,'vfchh27880urvb606','Yes','1963-05-02'),
    (36,'Sherman','Patten',22075344,'dbyan10029okkz443','No','1995-07-15'),
    (37,'Livvy','Sherlock',55370421,'tckzw01309sxkk833','No','2003-10-09'),
    (38,'Tull','Bartholomaus',42507660,'trmbd75995sxok541','Yes','1970-07-27'),
    (39,'Brana','Hadwen',74005922,'cworr08948hdjx692','Yes','1979-03-22'),
    (40,'Barnett','Shilladay',92728504,'uavph49012kdsq678','Yes','1965-11-27'),
    (41,'Dennison','Wagg',45162029,'lyxuo71404avni632','No','1985-06-24'),
    (42,'Georgina','Evemy',53982277,'fahzt04977nvya026','No','1962-08-27'),
    (43,'Osbourne','Norssister',94721614,'eymub80124dmtc469','No','1997-11-28'),
    (44,'Benson','Morson',62040287,'vhyvm56707snil736','Yes','1981-05-20'),
    (45,'Otha','Kaye',77287626,'yebfu61505erzw910','Yes','1964-08-29'),
    (46,'Allin','Hedworth',62095807,'mrymc54799lzpj713','No','1989-10-16'),
    (47,'Harrison','Swainsbury',13449817,'eocin54346gkfs786','No','1981-01-22'),
    (48,'Maud','Trulocke',31044709,'kjnji00708qpse508','Yes','1986-11-08'),
    (49,'Flin','Perle',80292028,'zwihq82290bvtt703','Yes','1971-10-20'),
    (50,'Etheline','Caw',35863059,'vjrbo82514hiuc091','No','1976-08-10'),
    (51,'Kariotta','Colloff',99290902,'xrknu97248svon302','No','1996-09-20'),
    (52,'Mikol','Fotherby',46262430,'xrfuw29934sufl085','Yes','1984-11-26'),
    (53,'Morly','Dennant',79247382,'euyui78839ueht641','Yes','1972-12-14'),
    (54,'Udall','Sinkins',74524929,'jsxhw39099wbjx199','Yes','2000-11-03'),
    (55,'Terri','Nevill',4886461,'gzjpl91503qbpu357','Yes','1964-03-23'),
    (56,'Billie','Swinn',87774759,'lclth78863acxa378','Yes','1970-08-09'),
    (57,'Zahara','Venneur',75242824,'vmkyl84546roow999','Yes','1974-11-22'),
    (58,'Floris','Middleton',43510434,'dbzcq10787vsra989','No','1984-01-14'),
    (59,'Sharia','Totterdill',41121921,'wjlzl06548zqwt301','Yes','1969-07-18'),
    (60,'Obadias','Wibberley',20665749,'dfkbv04591rmwo104','Yes','1990-05-08'),
    (61,'Harwell','Donaghie',48055922,'fjyyw48274xgbk007','No','1977-05-30'),
    (62,'Broderick','Yaneev',82164422,'ttvbv89188lhra394','Yes','1984-02-03'),
    (63,'Petunia','McKerrow',34483768,'xsjjv04137oldt817','No','1981-07-22'),
    (64,'Kathlin','Asbury',74428094,'mqkls68549youu588','No','1996-04-30'),
    (65,'Winifred','Yell',31241523,'evvcd58402arko624','No','1976-11-27'),
    (66,'Augustina','Ping',96352136,'ealtq30290rbfb506','Yes','1976-08-22'),
    (67,'Janna','Benson',74378538,'yvkmo14564rwwd103','No','1977-09-13'),
    (68,'Felecia','Matej',91340847,'gkzbv32778flfq651','No','1992-03-29'),
    (69,'Englebert','Petrashov',34661724,'mzdnx87769peok016','No','1993-06-06'),
    (70,'Joice','Taaffe',51983321,'ohwsw89285iihm229','Yes','1965-08-05'),
    (71,'Karim','Coldbathe',64989401,'oowuh38656jzgx192','No','1992-05-01'),
    (72,'Starla','Guislin',86571991,'aclwl10266hpqa135','Yes','1963-08-25'),
    (73,'Dalston','Scedall',60938599,'ttoer84926uncx749','Yes','1968-02-17'),
    (74,'Cleopatra','Seiller',7726577,'ptptn89683qihb754','No','1980-10-11'),
    (75,'Kylynn','Gaither',76744786,'otgns17007llvi030','No','1983-05-21'),
    (76,'Sampson','Canon',763591,'ahszv09738mijh960','Yes','1988-09-15'),
    (77,'Miof mela','Vanyakin',65790,'ogixs59259dcsx600','No','1997-10-09'),
    (78,'Ardys','Castard',8802824,'uibyh96388xnef519','Yes','1971-05-23'),
    (79,'Dorisa','Dibbert',19474812,'memwg96569qoas214','Yes','1987-06-15'),
    (80,'Sharon','Cheesworth',28776347,'ciatu19853zfcz047','No','2004-02-22'),
    (81,'Willey','Tebbit',36675421,'ywgmj68859cucv804','No','1997-12-28'),
    (82,'Allie','Reimer',15210275,'gnock53017hvzc640','No','1989-12-26'),
    (83,'Murvyn','People',13255844,'qdmwt78017grxa348','Yes','1981-12-01'),
    (84,'Jeth','Walden',39490220,'zeprn69196jngh922','No','1991-04-25'),
    (85,'Stesha','Jikovsky',77040337,'jhfqs26411ktvl439','No','1989-08-04'),
    (86,'Nicky','Bearfoot',54067838,'ayqum37324fzpz187','Yes','1985-08-18'),
    (87,'Lonee','Yude',34592252,'erlmt50586sewr317','No','1981-07-11'),
    (88,'Derby','Kerswell',48945634,'fysko06511echk459','Yes','1972-08-01'),
    (89,'Essa','Davern',84664470,'vqbqm64191pupw648','No','1975-03-15'),
    (90,'Renault','Bulbrook',22146220,'kseql67410anvv215','Yes','2000-01-04'),
    (91,'Mildred','Loughnan',85686554,'bxwxz85411sjoc898','Yes','1980-06-26'),
    (92,'Scarlett','Hoovart',16979767,'mcyqs49820ghah381','No','2003-10-01'),
    (93,'Melany','Norkutt',59818329,'eqqwg18636gwoh942','No','1971-06-19'),
    (94,'Roanna','Balden',14783511,'gfosr16506qezh112','Yes','1993-06-28'),
    (95,'Mariska','Blazi',93844143,'iryvh97637kiqs579','No','1966-03-03'),
    (96,'Marlyn','Selliman',95261064,'lsuhr49806aopd516','Yes','1994-10-13'),
    (97,'Padgett','Marklow',3899845,'enzrw23618wgru997','Yes','1978-01-01'),
    (98,'Uta','Dennidge',56674134,'ooycb45278lzfi838','No','1987-10-14'),
    (99,'Hubert','MacVean',29177134,'eyzen46298utww316','No','1976-10-16'),
    (100,'Town','Swarbrick',18220667,'mlwzz47443piqy203','Yes','2001-07-18');

CREATE TABLE vehicles (
                          registration_plate VARCHAR(255) NOT NULL DEFAULT '' PRIMARY KEY,
                          capacity INT NOT NULL,
                          brand VARCHAR(255) NOT NULL,
                          model VARCHAR(255) NOT NULL,
                          c_license VARCHAR(255) NOT NULL,
                          total_km DOUBLE NOT NULL
);

INSERT INTO vehicles (registration_plate, capacity, brand, model, c_license, total_km)
VALUES
    ('do 788 45',4,'Fiat','Aurora','No',118769),
    ('eh 232 05',2,'Renault','240','No',79905),
    ('eh 598 94',2,'Renault','240','No',129883),
    ('ev 087 76',4,'Fiat','Aurora','No',2946),
    ('fc 582 97',4,'Fiat','Aurora','No',145261),
    ('fp 830 42',6,'Mercedes-Benz','Sprinter 2500','Yes',190527),
    ('gg 059 17',4,'Fiat','Aurora','No',110468),
    ('gq 003 82',4,'Fiat','Aurora','No',185547),
    ('hb 435 57',4,'Fiat','Aurora','No',106683),
    ('hy 608 69',4,'Fiat','Aurora','No',53997),
    ('jo 933 50',2,'Renault','240','No',94753),
    ('kr 471 53',2,'Renault','240','No',91468),
    ('lk 515 62',2,'Renault','240','No',5472),
    ('lw 853 14',4,'Renault','240','No',97239),
    ('oz 617 84',4,'Renault','240','No',141765),
    ('po 600 54',6,'Mercedes-Benz','Sprinter 2500','Yes',34758),
    ('qe 681 01',6,'Mercedes-Benz','Sprinter 2500','Yes',59852),
    ('qo 324 93',6,'Mercedes-Benz','Sprinter 2500','Yes',122692),
    ('qp 905 02',6,'Mercedes-Benz','Sprinter 2500','Yes',61585),
    ('tt 536 26',4,'Fiat','Aurora','No',142722),
    ('ub 122 40',6,'Mercedes-Benz','Sprinter 2500','Yes',110613),
    ('uu 321 52',6,'Mercedes-Benz','Sprinter 2500','Yes',165132),
    ('vt 862 78',4,'Fiat','Aurora','No',173345),
    ('wc 553 05',6,'Mercedes-Benz','Sprinter 2500','Yes',166817),
    ('wd 746 33',6,'Mercedes-Benz','Sprinter 2500','Yes',19149),
    ('wq 442 00',6,'Mercedes-Benz','Sprinter 2500','Yes',9472),
    ('yk 790 30',4,'Fiat','Aurora','No',13272),
    ('yl 125 47',6,'Mercedes-Benz','Sprinter 2500','Yes',46281),
    ('yy 622 87',4,'Fiat','Aurora','No',25933),
    ('yz 635 79',2,'Renault','240','No',106669),
    ('zt 000 50',6,'Mercedes-Benz','Sprinter 2500','Yes',95640),
    ('zt 910 10',6,'Mercedes-Benz','Sprinter 2500','Yes',54422);

CREATE TABLE bookings (
                          booking_id INT NOT NULL AUTO_INCREMENT PRIMARY KEY,
                          registration_plate VARCHAR(255) NOT NULL,
                          customer_id INT NOT NULL,
                          start_date date NOT NULL,
                          end_date date NOT NULL,
                          FOREIGN KEY (customer_id) REFERENCES customers(customer_id),
                          FOREIGN KEY (registration_plate) REFERENCES vehicles(registration_plate)
);

INSERT INTO bookings(booking_id, registration_plate, customer_id, start_date, end_date)
VALUES
    (1,'QO 324 93',1,'2021-09-17','2021-09-24'),
    (2,'EH 232 05',2,'2022-03-31','2022-04-03'),
    (3,'FC 582 97',3,'2021-10-17','2021-10-21'),
    (4,'LW 853 14',4,'2021-10-19','2021-10-26'),
    (5,'QP 905 02',5,'2022-04-12','2022-04-15'),
    (6,'VT 862 78',6,'2022-04-01','2022-04-05'),
    (7,'YL 125 47',7,'2022-04-03','2022-04-10'),
    (8,'KR 471 53',8,'2021-07-26','2021-07-29'),
    (9,'ZT 910 10',9,'2022-03-07','2022-03-11'),
    (10,'WQ 442 00',10,'2022-03-01','2022-03-08'),
    (11,'LK 515 62',11,'2021-07-08','2021-07-11'),
    (12,'DO 788 45',12,'2021-09-20','2021-09-24'),
    (13,'FP 830 42',13,'2022-04-19','2022-04-26'),
    (14,'YK 790 30',14,'2022-02-18','2022-02-21'),
    (15,'TT 536 26',15,'2022-02-20','2022-02-24'),
    (16,'EV 087 76',16,'2022-03-14','2022-03-21'),
    (17,'HB 435 57',17,'2021-06-28','2021-07-01'),
    (18,'HY 608 69',18,'2021-09-18','2021-09-22'),
    (19,'YY 622 87',19,'2022-05-05','2022-05-12'),
    (20,'PO 600 54',20,'2021-11-28','2021-12-01'),
    (21,'GQ 003 82',21,'2022-02-19','2022-02-23'),
    (22,'UU 321 52',22,'2021-12-23','2021-12-30'),
    (23,'ZT 000 50',23,'2021-06-02','2021-06-05'),
    (24,'EH 598 94',24,'2022-04-29','2022-05-03'),
    (25,'QE 681 01',25,'2022-01-27','2022-02-03'),
    (26,'OZ 617 84',26,'2021-06-10','2021-06-13'),
    (27,'GG 059 17',27,'2021-12-03','2021-12-07'),
    (28,'UB 122 40',28,'2021-10-10','2021-10-17'),
    (29,'WC 553 05',29,'2022-04-26','2022-04-29'),
    (30,'WD 746 33',30,'2021-05-23','2021-05-27'),
    (31,'JO 933 50',31,'2022-04-13','2022-04-20'),
    (32,'YZ 635 79',32,'2022-02-06','2022-02-09'),
    (33,'QO 324 93',33,'2022-03-02','2022-03-06'),
    (34,'EH 232 05',34,'2021-11-14','2021-11-21'),
    (35,'FC 582 97',35,'2021-07-07','2021-07-10'),
    (36,'LW 853 14',36,'2021-07-13','2021-07-17'),
    (37,'QP 905 02',37,'2021-10-26','2021-11-02'),
    (38,'VT 862 78',38,'2022-02-24','2022-02-27'),
    (39,'YL 125 47',39,'2021-12-28','2022-01-01'),
    (40,'KR 471 53',40,'2022-02-13','2022-02-20'),
    (41,'ZT 910 10',41,'2022-01-06','2022-01-09'),
    (42,'WQ 442 00',42,'2021-10-26','2021-10-30'),
    (43,'LK 515 62',43,'2021-10-01','2021-10-08'),
    (44,'DO 788 45',44,'2022-02-10','2022-02-13'),
    (45,'FP 830 42',45,'2021-12-01','2021-12-05'),
    (46,'YK 790 30',46,'2021-11-23','2021-11-30'),
    (47,'TT 536 26',47,'2022-01-07','2022-01-10'),
    (48,'EV 087 76',48,'2022-01-17','2022-01-21'),
    (49,'HB 435 57',49,'2021-11-26','2021-12-03'),
    (50,'HY 608 69',50,'2021-09-26','2021-09-29'),
    (51,'YY 622 87',51,'2022-01-11','2022-01-15'),
    (52,'PO 600 54',52,'2021-08-31','2021-09-07'),
    (53,'GQ 003 82',53,'2022-01-13','2022-01-16'),
    (54,'UU 321 52',54,'2021-08-14','2021-08-18'),
    (55,'ZT 000 50',55,'2022-04-05','2022-04-12'),
    (56,'EH 598 94',56,'2021-06-21','2021-06-24'),
    (57,'QE 681 01',57,'2021-08-13','2021-08-17'),
    (58,'OZ 617 84',58,'2022-01-02','2022-01-09'),
    (59,'GG 059 17',59,'2021-10-24','2021-10-27'),
    (60,'UB 122 40',60,'2022-02-11','2022-02-15'),
    (61,'WC 553 05',61,'2021-09-19','2021-09-26'),
    (62,'WD 746 33',62,'2022-02-17','2022-02-20'),
    (63,'JO 933 50',63,'2021-10-08','2021-10-12'),
    (64,'YZ 635 79',64,'2021-07-29','2021-08-05'),
    (65,'QO 324 93',65,'2021-09-24','2021-09-27'),
    (66,'EH 232 05',66,'2021-09-11','2021-09-15'),
    (67,'FC 582 97',67,'2022-03-09','2022-03-16'),
    (68,'LW 853 14',68,'2022-04-08','2022-04-11'),
    (69,'QP 905 02',69,'2021-12-25','2021-12-29'),
    (70,'VT 862 78',70,'2022-01-07','2022-01-14'),
    (71,'YL 125 47',71,'2022-04-18','2022-04-21'),
    (72,'KR 471 53',72,'2022-01-11','2022-01-15'),
    (73,'ZT 910 10',73,'2022-04-08','2022-04-15'),
    (74,'WQ 442 00',74,'2022-04-29','2022-05-02'),
    (75,'LK 515 62',75,'2021-12-06','2021-12-10'),
    (76,'DO 788 45',76,'2022-01-27','2022-02-03'),
    (77,'FP 830 42',77,'2022-04-19','2022-04-22'),
    (78,'YK 790 30',78,'2022-02-20','2022-02-24'),
    (79,'TT 536 26',79,'2021-05-16','2021-05-23'),
    (80,'EV 087 76',80,'2021-07-07','2021-07-10'),
    (81,'HB 435 57',81,'2021-10-30','2021-11-03'),
    (82,'HY 608 69',82,'2021-10-12','2021-10-19'),
    (83,'YY 622 87',83,'2021-11-11','2021-11-14'),
    (84,'PO 600 54',84,'2021-09-05','2021-09-09'),
    (85,'GQ 003 82',85,'2022-03-21','2022-03-28'),
    (86,'UU 321 52',86,'2021-11-09','2021-11-12'),
    (87,'ZT 000 50',87,'2022-03-03','2022-03-07'),
    (88,'EH 598 94',88,'2021-10-23','2021-10-30'),
    (89,'QE 681 01',89,'2021-11-21','2021-11-24'),
    (90,'OZ 617 84',90,'2021-06-11','2021-06-15'),
    (91,'GG 059 17',91,'2022-04-30','2022-05-07'),
    (92,'UB 122 40',92,'2021-11-18','2021-11-21'),
    (93,'WC 553 05',93,'2021-12-19','2021-12-23'),
    (94,'WD 746 33',94,'2021-07-29','2021-08-05'),
    (95,'JO 933 50',95,'2022-02-11','2022-02-14'),
    (96,'YZ 635 79',96,'2021-07-06','2021-07-10'),
    (97,'QO 324 93',97,'2022-01-16','2022-01-23'),
    (98,'EH 232 05',98,'2022-03-30','2022-04-02'),
    (99,'FC 582 97',99,'2021-06-17','2021-06-21'),
    (100,'LW 853 14',100,'2021-06-18','2021-06-25'),
    (101,'QP 905 02',45,'2022-04-17','2022-04-20'),
    (102,'VT 862 78',67,'2021-10-21','2021-10-25'),
    (103,'YL 125 47',34,'2021-12-17','2021-12-24'),
    (104,'KR 471 53',5,'2021-07-02','2021-07-05'),
    (105,'ZT 910 10',7,'2021-09-05','2021-09-09'),
    (106,'WQ 442 00',9,'2022-02-06','2022-02-13'),
    (107,'LK 515 62',4,'2022-04-05','2022-04-08'),
    (108,'DO 788 45',2,'2021-08-20','2021-08-24'),
    (109,'FP 830 42',3,'2021-12-08','2021-12-15'),
    (110,'YK 790 30',6,'2022-03-31','2022-04-03'),
    (111,'TT 536 26',7,'2021-09-23','2021-09-27'),
    (112,'EV 087 76',8,'2022-02-21','2022-02-28'),
    (113,'HB 435 57',2,'2021-10-31','2021-11-03'),
    (114,'HY 608 69',3,'2022-01-26','2022-01-30'),
    (115,'YY 622 87',7,'2021-10-02','2021-10-09'),
    (116,'PO 600 54',12,'2021-10-16','2021-10-19'),
    (117,'GQ 003 82',74,'2021-05-17','2021-05-21'),
    (118,'UU 321 52',85,'2021-05-14','2021-05-21'),
    (119,'ZT 000 50',98,'2021-06-01','2021-06-04'),
    (120,'EH 598 94',39,'2022-01-28','2022-02-01');